Sonde;Seq
NBNElnc1aG;CTAGGAAGGGGACAAACCACACTAACAG
NBNElnc1bG;CTGCAAACGCACGAAACTACATAACTG
NBNE1G;CGCCGCGGGCCCGGCAGGAG
NBNEins1aG;TAGGGCTGGATGGCCTGCGG
NBNEins1bG;ATCTATGTAGAGACTAAATGGACTGGCAGG
NBNE2G;TTAACTGCTAACTTTTCTGTAACCAACCTG
NBNEins2G;AATTTCTACAGAAAAAGTAAAATTGTTACT
NBNE3G;TACTTTTGGAGTGTTTGGAAGTAAATTCAG
NBNE4G;GTCATGGTATCAGTGAAAGTTACCATTAAA
NBNEins4G;TCTATCAAGTTGTCTTTCTCCAATCTCCAG
NBNE5G;AAGAAGCAGCCTCCACAAATTGAAAG
NBNE6G;AAAACATTTATATTTTTGAATGCCAAACAG
NBNE7G;GATTCAGTCAATAATGGATATGCTCCAAAG
NBNE8G;CCTCAGGGCCATCCCAGTACAG
NBNE9G;GACACAGAATCAGAGCAAGCAGATACATG
NBNE10G;AAACTACTTTCAGCCGTCTACCAAAAAAAG
NBNE11G;GAAGCAGTACCAGAAAGTAGCAAAATATCT
NBNE12bG;GAAACGTGAACTCAAGGAAGACTCACTATG
NBNE12G;GACTCACTATGGTCAGCTAAAGAAATATCT
NBNE13G;CAACTAAAAAATTTCAAGAAATTCAAAAAG
NBNE14G;AGAGTGGCTAAGGCAGGAAATGGAG
NBNEins14aG;CATTATCTCCTTCTGGAATTCCAACTTAAC
NBNEins14bG;CCTAAAGCCCAGAAATTACCTATTTAAACA
NBNEins14cG;ATGCAAGGGCTTGTGTTTTCCTTG
NBNE15G;AGAAGAGTCTCTTGCTGATGATCTTTTTAG
NBNE16aG;TTTAAAAAGAAGCCATGGAAAAACTTCCTA
NBNE16G;CATTGTAATAAACGCAATGTAAGTTGAAAA
NBNEins16G;CCTTACATGTGATTGGCTGGCTTG
NBNElnc1bD;ATTCCAAAGGAATACCTGCAATTTAAGAAA
NBNElnc1cD;GTGGCGGGCAAGCGCCCAAG
NBNE1D;GCGCACGTCCCGGAGCCCAT
NBNEins1bD;ACTCCTTTTCCACAATGTCATCAGAACAAT
NBNE2D;GAGAACCATACAGACTTTTGACTGGCG
NBNEins2D;GTATAGAAAAACATTTTGGAAATTTCTACA
NBNE3D;AGTCAAACAGATGAAATCCCTGTATTGACA
NBNE4D;AATAGAGTATGAGCCTTTGGTTGCATGC
NBNE4aD;ATGTCTCTGGGAAAACTGCTTTAAATCAAG
NBNEins4D;TCTTAAAGCAACGCAACTAGAGATTAACTG
NBNE5D;ACAATATGTGCACTCATTTGTGGACGT
NBNE6D;TTTTTACCCACCTCTTGATGAACCATCTAT
NBNE7D;CATAAGAAATTGAGTTCCGCAGTTGTCTTT
NBNE8D;GCAAGGTCTTAGACCTATTCCTGAAGCA
NBNE9D;GATTAAAGACAACAACTCCAGGACCAAGC
NBNE10D;GGATTTGAGTGAAAGGCCAAAAGAAATC
NBNE11D;GGAAAGGGATGAAGAAAATCAAGAAATGTC
NBNE12aD;TATTTTTTATTTTATTTCTTTAGCAAGAAA
NBNE12D;CAAGAAAATGAAATTGGGAAGAAACGT
NBNE13D;AACAATGACAAACTTCAGGATGATAGTGAG
NBNE14D;GTCACATATCCTGGAGCAGGAAAACTTC
NBNEins14aD;TTACCTTTTTACTGTTTTCCCCATTATCTC
NBNEins14bD;TACACAAAGAATGAAGATGTGAAAACCTAA
NBNEins14cD;AGTCCACGAAGAGGAGGCTGAGA
NBNE15D;GTACAAAATCAACATGCAAAAGAAGAGTCT
NBNE16D;ATACAATCCTTATTTAAAAAGGAGAAGATA
NBNEintron9G;TTTACCTTGCATTCTTTTCTTTTTCTACAG
NBNEP672WTG;GTGATTAAAAACTCTACTTCCAGAAATCC
NBNEP672PD;GTCTGGCATAAATGATGATTATGGTCAACTA
NBNEP672WTD;ATCTGGCATAAATGATGATTATGGTCAACTA
NBNED399WTG;GAACAAAAATTCAGAATGCTTTCACAAGAT
NBNED399DD;CGCACCCACTGTAAAGGAGTCCTGC
NBNED399WTD;TGCACCCACTGTAAAGGAGTCCTGC
NBNEL34WTG;TTGGAAGGAAAAACTGTGCCATTCTG
NBNEL34LD;AATTGAAAATGATCAGTCGATCAGCC
NBNEL34WTD;GATTGAAAATGATCAGTCGATCAGCC
NBNEG3UTR1WTG;TAATATTTTTTCTTTTCCATTATGCTGTA
NBNEG3UTR1CD;CTCTTACCTAAACTCTGGTGATCCAAACAAA
NBNEG3UTR1WTD;GTCTTACCTAAACTCTGGTGATCCAAACAAA
NBNEA3UTR2WTG;CTTCTCAGCCTTCCTAGGGAACAGA
NBNEA3UTR2CD;CATTGGGTGAGCCAATCTGCAATTTCTA
NBNEA3UTR2WTD;AATTGGGTGAGCCAATCTGCAATTTCTA
